Completed steps,Qwen,Gemma,Muse
0,0.5202905231030451,0.5329396104918068,0.5207190348231995
1,0.5222953913882303,0.5395005454682926,0.5207190348231995
2,0.5230378553850987,0.5424639085965013,0.5211292219970317
3,0.5279499822950854,0.5432175969982871,0.5211292219970317
4,0.5335216864188168,0.5436817642512709,0.5222107505521649
5,0.5335216864188168,0.5448664628542286,0.5223855230784115
6,0.5336086086754466,0.5491391442015919,0.5230008874182934
7,0.5425139912074664,0.5515663003177601,0.5234503339193406
8,0.5453453617392966,0.5525013135698682,0.5250750332459041
9,0.5461682927696055,0.5531269293274382,0.5251385194452914
10,0.5477420274597535,0.5531269293274382,0.5253055890789864
11,0.5485872758724842,0.5535192342323624,0.5254921145935254
12,0.5489761823637384,0.5535192342323624,0.5254921145935254
13,0.5496452437350237,0.5535192342323624,0.5255169946709173
14,0.5499024273434641,0.5535882515932392,0.5255169946709173
15,0.5499024273434641,0.5535882515932392,0.5255169946709173
16,0.5505479576624515,0.5539842835831656,0.5261619332546773
